ORDER,DATE,METHOD,TRANSACTION,TRANSACTION,USD,BS,NAME,EMAIL,,ITEMS,QUANTITY,DELIVERY METHOD,,STATUS,Currency,DATE OTHER,WRAPPED
ORD-000020,2025-08-15T02:08:36.018Z,PayPal,4UN16626D5142434V,13215266VE535622V,97,12517,John Doe,sb-ofwur45121236@personal.example.com,,"Collar de Powder y Ekko - Arcane üîπ, Collares match de gatito üêæ(el par), Collar amuleto/relicario The Vampire Diaries","4, 5, 2004",store,,completed,USD,2025-08-15T02:08:36.026Z,"{""id"":""4UN16626D5142434V"",""status"":""COMPLETED"",""payment_source"":{""paypal"":{""email_address"":""sb-ofwur45121236@personal.example.com"",""account_id"":""57BQL4QJMD4EU"",""account_status"":""VERIFIED"",""name"":{""given_name"":""John"",""surname"":""Doe""},""address"":{""country_code"":""CO""}}},""purchase_units"":[{""reference_id"":""default"",""shipping"":{""name"":{""full_name"":""John Doe""},""address"":{""address_line_1"":""Free Trade Zone"",""admin_area_2"":""Bogota"",""admin_area_1"":""Bogota"",""postal_code"":""110111"",""country_code"":""CO""}},""payments"":{""captures"":[{""id"":""13215266VE535622V"",""status"":""COMPLETED"",""amount"":{""currency_code"":""USD"",""value"":""97.00""},""final_capture"":true,""seller_protection"":{""status"":""ELIGIBLE"",""dispute_categories"":[""ITEM_NOT_RECEIVED"",""UNAUTHORIZED_TRANSACTION""]},""seller_receivable_breakdown"":{""gross_amount"":{""currency_code"":""USD"",""value"":""97.00""},""paypal_fee"":{""currency_code"":""USD"",""value"":""5.54""},""net_amount"":{""currency_code"":""USD"",""value"":""91.46""}},""links"":[{""href"":""https://api.sandbox.paypal.com/v2/payments/captures/13215266VE535622V"",""rel"":""self"",""method"":""GET""},{""href"":""https://api.sandbox.paypal.com/v2/payments/captures/13215266VE535622V/refund"",""rel"":""refund"",""method"":""POST""},{""href"":""https://api.sandbox.paypal.com/v2/checkout/orders/4UN16626D5142434V"",""rel"":""up"",""method"":""GET""}],""create_time"":""2025-08-15T02:08:29Z"",""update_time"":""2025-08-15T02:08:29Z""}]}}],""payer"":{""name"":{""given_name"":""John"",""surname"":""Doe""},""email_address"":""sb-ofwur45121236@personal.example.com"",""payer_id"":""57BQL4QJMD4EU"",""address"":{""country_code"":""CO""}},""links"":[{""href"":""https://api.sandbox.paypal.com/v2/checkout/orders/4UN16626D5142434V"",""rel"":""self"",""method"":""GET""}]}"
ORD-000001,2025-09-05T02:45:38.667Z,PayPal,2AT93547UU898513G,2MF69188E5937483C,5.5,746,John Doe,sb-ofwur45121236@personal.example.com,,Anillo de Kendrick Lamar ,1,store,,completed,USD,2025-09-05T02:45:38.672Z,"{""id"":""2AT93547UU898513G"",""status"":""COMPLETED"",""payment_source"":{""paypal"":{""email_address"":""sb-ofwur45121236@personal.example.com"",""account_id"":""57BQL4QJMD4EU"",""account_status"":""VERIFIED"",""name"":{""given_name"":""John"",""surname"":""Doe""},""address"":{""country_code"":""CO""}}},""purchase_units"":[{""reference_id"":""default"",""shipping"":{""name"":{""full_name"":""John Doe""},""address"":{""address_line_1"":""Free Trade Zone"",""admin_area_2"":""Bogota"",""admin_area_1"":""Bogota"",""postal_code"":""110111"",""country_code"":""CO""}},""payments"":{""captures"":[{""id"":""2MF69188E5937483C"",""status"":""COMPLETED"",""amount"":{""currency_code"":""USD"",""value"":""5.50""},""final_capture"":true,""seller_protection"":{""status"":""ELIGIBLE"",""dispute_categories"":[""ITEM_NOT_RECEIVED"",""UNAUTHORIZED_TRANSACTION""]},""seller_receivable_breakdown"":{""gross_amount"":{""currency_code"":""USD"",""value"":""5.50""},""paypal_fee"":{""currency_code"":""USD"",""value"":""0.60""},""net_amount"":{""currency_code"":""USD"",""value"":""4.90""}},""links"":[{""href"":""https://api.sandbox.paypal.com/v2/payments/captures/2MF69188E5937483C"",""rel"":""self"",""method"":""GET""},{""href"":""https://api.sandbox.paypal.com/v2/payments/captures/2MF69188E5937483C/refund"",""rel"":""refund"",""method"":""POST""},{""href"":""https://api.sandbox.paypal.com/v2/checkout/orders/2AT93547UU898513G"",""rel"":""up"",""method"":""GET""}],""create_time"":""2025-09-05T02:45:36Z"",""update_time"":""2025-09-05T02:45:36Z""}]}}],""payer"":{""name"":{""given_name"":""John"",""surname"":""Doe""},""email_address"":""sb-ofwur45121236@personal.example.com"",""payer_id"":""57BQL4QJMD4EU"",""address"":{""country_code"":""CO""}},""links"":[{""href"":""https://api.sandbox.paypal.com/v2/checkout/orders/2AT93547UU898513G"",""rel"":""self"",""method"":""GET""}]}"
ORD-000086,2025-10-06T14:55:13.870Z,PayPal,5RS03662SF7464207,11C99606ES0361033,77.5,14368,John Doe,sb-ofwur45121236@personal.example.com,,"Vivienne Westwood Three Row Pearl Necklace, Armour Ring Vivienne Westwood, Dripping Moon","2, 6, 2001",store,,completed,USD,2025-10-06T14:55:13.872Z,"{""id"":""5RS03662SF7464207"",""status"":""COMPLETED"",""payment_source"":{""paypal"":{""email_address"":""sb-ofwur45121236@personal.example.com"",""account_id"":""57BQL4QJMD4EU"",""account_status"":""VERIFIED"",""name"":{""given_name"":""John"",""surname"":""Doe""},""address"":{""country_code"":""CO""}}},""purchase_units"":[{""reference_id"":""default"",""shipping"":{""name"":{""full_name"":""John Doe""},""address"":{""address_line_1"":""Free Trade Zone"",""admin_area_2"":""Bogota"",""admin_area_1"":""Bogota"",""postal_code"":""110111"",""country_code"":""CO""}},""payments"":{""captures"":[{""id"":""11C99606ES0361033"",""status"":""COMPLETED"",""amount"":{""currency_code"":""USD"",""value"":""77.50""},""final_capture"":true,""seller_protection"":{""status"":""ELIGIBLE"",""dispute_categories"":[""ITEM_NOT_RECEIVED"",""UNAUTHORIZED_TRANSACTION""]},""seller_receivable_breakdown"":{""gross_amount"":{""currency_code"":""USD"",""value"":""77.50""},""paypal_fee"":{""currency_code"":""USD"",""value"":""4.49""},""net_amount"":{""currency_code"":""USD"",""value"":""73.01""}},""links"":[{""href"":""https://api.sandbox.paypal.com/v2/payments/captures/11C99606ES0361033"",""rel"":""self"",""method"":""GET""},{""href"":""https://api.sandbox.paypal.com/v2/payments/captures/11C99606ES0361033/refund"",""rel"":""refund"",""method"":""POST""},{""href"":""https://api.sandbox.paypal.com/v2/checkout/orders/5RS03662SF7464207"",""rel"":""up"",""method"":""GET""}],""create_time"":""2025-10-06T14:55:09Z"",""update_time"":""2025-10-06T14:55:09Z""}]}}],""payer"":{""name"":{""given_name"":""John"",""surname"":""Doe""},""email_address"":""sb-ofwur45121236@personal.example.com"",""payer_id"":""57BQL4QJMD4EU"",""address"":{""country_code"":""CO""}},""links"":[{""href"":""https://api.sandbox.paypal.com/v2/checkout/orders/5RS03662SF7464207"",""rel"":""self"",""method"":""GET""}]}"
ORD-000093,2025-10-06T15:16:44.014Z,PayPal,54F39660M1115292M,9KB21528DA699183H,56,10382,John Doe,sb-ofwur45121236@personal.example.com,,"Vivienne Westwood Three Row Pearl Necklace, Armour Ring Vivienne Westwood","2, 4",store,,completed,USD,2025-10-06T15:16:44.016Z,"{""id"":""54F39660M1115292M"",""status"":""COMPLETED"",""payment_source"":{""paypal"":{""email_address"":""sb-ofwur45121236@personal.example.com"",""account_id"":""57BQL4QJMD4EU"",""account_status"":""VERIFIED"",""name"":{""given_name"":""John"",""surname"":""Doe""},""address"":{""country_code"":""CO""}}},""purchase_units"":[{""reference_id"":""default"",""shipping"":{""name"":{""full_name"":""John Doe""},""address"":{""address_line_1"":""Free Trade Zone"",""admin_area_2"":""Bogota"",""admin_area_1"":""Bogota"",""postal_code"":""110111"",""country_code"":""CO""}},""payments"":{""captures"":[{""id"":""9KB21528DA699183H"",""status"":""COMPLETED"",""amount"":{""currency_code"":""USD"",""value"":""56.00""},""final_capture"":true,""seller_protection"":{""status"":""ELIGIBLE"",""dispute_categories"":[""ITEM_NOT_RECEIVED"",""UNAUTHORIZED_TRANSACTION""]},""seller_receivable_breakdown"":{""gross_amount"":{""currency_code"":""USD"",""value"":""56.00""},""paypal_fee"":{""currency_code"":""USD"",""value"":""3.32""},""net_amount"":{""currency_code"":""USD"",""value"":""52.68""}},""links"":[{""href"":""https://api.sandbox.paypal.com/v2/payments/captures/9KB21528DA699183H"",""rel"":""self"",""method"":""GET""},{""href"":""https://api.sandbox.paypal.com/v2/payments/captures/9KB21528DA699183H/refund"",""rel"":""refund"",""method"":""POST""},{""href"":""https://api.sandbox.paypal.com/v2/checkout/orders/54F39660M1115292M"",""rel"":""up"",""method"":""GET""}],""create_time"":""2025-10-06T15:16:36Z"",""update_time"":""2025-10-06T15:16:36Z""}]}}],""payer"":{""name"":{""given_name"":""John"",""surname"":""Doe""},""email_address"":""sb-ofwur45121236@personal.example.com"",""payer_id"":""57BQL4QJMD4EU"",""address"":{""country_code"":""CO""}},""links"":[{""href"":""https://api.sandbox.paypal.com/v2/checkout/orders/54F39660M1115292M"",""rel"":""self"",""method"":""GET""}]}"
ORD-000096,2025-10-06T15:21:54.195Z,PayPal,2UC12995UY345534N,7KE714847V9514333,128.5,23823,John Doe,sb-ofwur45121236@personal.example.com,,"Sobres de Cartas Haikyu!!, Collar de Powder y Ekko - Arcane üîπ, Collar de Perla Aut√©ntica (ostra)ü¶™, Collares Match de Ren y Nana üîí","3, 3, 2, 4",store,,completed,USD,2025-10-06T15:21:54.197Z,"{""id"":""2UC12995UY345534N"",""status"":""COMPLETED"",""payment_source"":{""paypal"":{""email_address"":""sb-ofwur45121236@personal.example.com"",""account_id"":""57BQL4QJMD4EU"",""account_status"":""VERIFIED"",""name"":{""given_name"":""John"",""surname"":""Doe""},""address"":{""country_code"":""CO""}}},""purchase_units"":[{""reference_id"":""default"",""shipping"":{""name"":{""full_name"":""John Doe""},""address"":{""address_line_1"":""Free Trade Zone"",""admin_area_2"":""Bogota"",""admin_area_1"":""Bogota"",""postal_code"":""110111"",""country_code"":""CO""}},""payments"":{""captures"":[{""id"":""7KE714847V9514333"",""status"":""COMPLETED"",""amount"":{""currency_code"":""USD"",""value"":""128.50""},""final_capture"":true,""seller_protection"":{""status"":""ELIGIBLE"",""dispute_categories"":[""ITEM_NOT_RECEIVED"",""UNAUTHORIZED_TRANSACTION""]},""seller_receivable_breakdown"":{""gross_amount"":{""currency_code"":""USD"",""value"":""128.50""},""paypal_fee"":{""currency_code"":""USD"",""value"":""7.24""},""net_amount"":{""currency_code"":""USD"",""value"":""121.26""}},""links"":[{""href"":""https://api.sandbox.paypal.com/v2/payments/captures/7KE714847V9514333"",""rel"":""self"",""method"":""GET""},{""href"":""https://api.sandbox.paypal.com/v2/payments/captures/7KE714847V9514333/refund"",""rel"":""refund"",""method"":""POST""},{""href"":""https://api.sandbox.paypal.com/v2/checkout/orders/2UC12995UY345534N"",""rel"":""up"",""method"":""GET""}],""create_time"":""2025-10-06T15:21:52Z"",""update_time"":""2025-10-06T15:21:52Z""}]}}],""payer"":{""name"":{""given_name"":""John"",""surname"":""Doe""},""email_address"":""sb-ofwur45121236@personal.example.com"",""payer_id"":""57BQL4QJMD4EU"",""address"":{""country_code"":""CO""}},""links"":[{""href"":""https://api.sandbox.paypal.com/v2/checkout/orders/2UC12995UY345534N"",""rel"":""self"",""method"":""GET""}]}"
ORD-000098,2025-10-06T15:35:16.997Z,PayPal,0HX62904H9919231P,4JV12499UJ988512Y,166.2,30816,John Doe,sb-ofwur45121236@personal.example.com,,"Vivienne Westwood Three Row Pearl Necklace, Vivienne Westwood Bat Orb‚Äéñ§ê, Pearl Choker Vivienne Westwood €∂‡ßé, Classic Orb Vivienne Westwood‚ü° ›Å‚Çä ., Vivienne Westwood Pearl Drop Necklace","1, 3, 4, 3, 3",store,,completed,USD,2025-10-06T15:35:17.000Z,"{""id"":""0HX62904H9919231P"",""status"":""COMPLETED"",""payment_source"":{""paypal"":{""email_address"":""sb-ofwur45121236@personal.example.com"",""account_id"":""57BQL4QJMD4EU"",""account_status"":""VERIFIED"",""name"":{""given_name"":""John"",""surname"":""Doe""},""address"":{""country_code"":""CO""}}},""purchase_units"":[{""reference_id"":""default"",""shipping"":{""name"":{""full_name"":""John Doe""},""address"":{""address_line_1"":""Free Trade Zone"",""admin_area_2"":""Bogota"",""admin_area_1"":""Bogota"",""postal_code"":""110111"",""country_code"":""CO""}},""payments"":{""captures"":[{""id"":""4JV12499UJ988512Y"",""status"":""COMPLETED"",""amount"":{""currency_code"":""USD"",""value"":""166.20""},""final_capture"":true,""seller_protection"":{""status"":""ELIGIBLE"",""dispute_categories"":[""ITEM_NOT_RECEIVED"",""UNAUTHORIZED_TRANSACTION""]},""seller_receivable_breakdown"":{""gross_amount"":{""currency_code"":""USD"",""value"":""166.20""},""paypal_fee"":{""currency_code"":""USD"",""value"":""9.27""},""net_amount"":{""currency_code"":""USD"",""value"":""156.93""}},""links"":[{""href"":""https://api.sandbox.paypal.com/v2/payments/captures/4JV12499UJ988512Y"",""rel"":""self"",""method"":""GET""},{""href"":""https://api.sandbox.paypal.com/v2/payments/captures/4JV12499UJ988512Y/refund"",""rel"":""refund"",""method"":""POST""},{""href"":""https://api.sandbox.paypal.com/v2/checkout/orders/0HX62904H9919231P"",""rel"":""up"",""method"":""GET""}],""create_time"":""2025-10-06T15:35:14Z"",""update_time"":""2025-10-06T15:35:14Z""}]}}],""payer"":{""name"":{""given_name"":""John"",""surname"":""Doe""},""email_address"":""sb-ofwur45121236@personal.example.com"",""payer_id"":""57BQL4QJMD4EU"",""address"":{""country_code"":""CO""}},""links"":[{""href"":""https://api.sandbox.paypal.com/v2/checkout/orders/0HX62904H9919231P"",""rel"":""self"",""method"":""GET""}]}"
ORD-000099,2025-10-06T15:38:43.463Z,PayPal,6U234992XT4283424,2U398670R1246051R,22.5,4171,John Doe,sb-ofwur45121236@personal.example.com,,"Collar de Powder y Ekko - Arcane üîπ, Collar de Perla Aut√©ntica (ostra)ü¶™","1, 1",store,,completed,USD,2025-10-06T15:38:43.464Z,"{""id"":""6U234992XT4283424"",""status"":""COMPLETED"",""payment_source"":{""paypal"":{""email_address"":""sb-ofwur45121236@personal.example.com"",""account_id"":""57BQL4QJMD4EU"",""account_status"":""VERIFIED"",""name"":{""given_name"":""John"",""surname"":""Doe""},""address"":{""country_code"":""CO""}}},""purchase_units"":[{""reference_id"":""default"",""shipping"":{""name"":{""full_name"":""John Doe""},""address"":{""address_line_1"":""Free Trade Zone"",""admin_area_2"":""Bogota"",""admin_area_1"":""Bogota"",""postal_code"":""110111"",""country_code"":""CO""}},""payments"":{""captures"":[{""id"":""2U398670R1246051R"",""status"":""COMPLETED"",""amount"":{""currency_code"":""USD"",""value"":""22.50""},""final_capture"":true,""seller_protection"":{""status"":""ELIGIBLE"",""dispute_categories"":[""ITEM_NOT_RECEIVED"",""UNAUTHORIZED_TRANSACTION""]},""seller_receivable_breakdown"":{""gross_amount"":{""currency_code"":""USD"",""value"":""22.50""},""paypal_fee"":{""currency_code"":""USD"",""value"":""1.52""},""net_amount"":{""currency_code"":""USD"",""value"":""20.98""}},""links"":[{""href"":""https://api.sandbox.paypal.com/v2/payments/captures/2U398670R1246051R"",""rel"":""self"",""method"":""GET""},{""href"":""https://api.sandbox.paypal.com/v2/payments/captures/2U398670R1246051R/refund"",""rel"":""refund"",""method"":""POST""},{""href"":""https://api.sandbox.paypal.com/v2/checkout/orders/6U234992XT4283424"",""rel"":""up"",""method"":""GET""}],""create_time"":""2025-10-06T15:38:39Z"",""update_time"":""2025-10-06T15:38:39Z""}]}}],""payer"":{""name"":{""given_name"":""John"",""surname"":""Doe""},""email_address"":""sb-ofwur45121236@personal.example.com"",""payer_id"":""57BQL4QJMD4EU"",""address"":{""country_code"":""CO""}},""links"":[{""href"":""https://api.sandbox.paypal.com/v2/checkout/orders/6U234992XT4283424"",""rel"":""self"",""method"":""GET""}]}"
ORD-000102,2025-10-06T16:05:37.276Z,PayPal,95Y08798B57694810,0YP71939RP3401114,6.5,1205,John Doe,sb-ofwur45121236@personal.example.com,,Relicario,1,store,,completed,USD,2025-10-06T16:05:37.276Z,"{""id"":""95Y08798B57694810"",""status"":""COMPLETED"",""payment_source"":{""paypal"":{""email_address"":""sb-ofwur45121236@personal.example.com"",""account_id"":""57BQL4QJMD4EU"",""account_status"":""VERIFIED"",""name"":{""given_name"":""John"",""surname"":""Doe""},""address"":{""country_code"":""CO""}}},""purchase_units"":[{""reference_id"":""default"",""shipping"":{""name"":{""full_name"":""John Doe""},""address"":{""address_line_1"":""Free Trade Zone"",""admin_area_2"":""Bogota"",""admin_area_1"":""Bogota"",""postal_code"":""110111"",""country_code"":""CO""}},""payments"":{""captures"":[{""id"":""0YP71939RP3401114"",""status"":""COMPLETED"",""amount"":{""currency_code"":""USD"",""value"":""6.50""},""final_capture"":true,""seller_protection"":{""status"":""ELIGIBLE"",""dispute_categories"":[""ITEM_NOT_RECEIVED"",""UNAUTHORIZED_TRANSACTION""]},""seller_receivable_breakdown"":{""gross_amount"":{""currency_code"":""USD"",""value"":""6.50""},""paypal_fee"":{""currency_code"":""USD"",""value"":""0.65""},""net_amount"":{""currency_code"":""USD"",""value"":""5.85""}},""links"":[{""href"":""https://api.sandbox.paypal.com/v2/payments/captures/0YP71939RP3401114"",""rel"":""self"",""method"":""GET""},{""href"":""https://api.sandbox.paypal.com/v2/payments/captures/0YP71939RP3401114/refund"",""rel"":""refund"",""method"":""POST""},{""href"":""https://api.sandbox.paypal.com/v2/checkout/orders/95Y08798B57694810"",""rel"":""up"",""method"":""GET""}],""create_time"":""2025-10-06T16:05:35Z"",""update_time"":""2025-10-06T16:05:35Z""}]}}],""payer"":{""name"":{""given_name"":""John"",""surname"":""Doe""},""email_address"":""sb-ofwur45121236@personal.example.com"",""payer_id"":""57BQL4QJMD4EU"",""address"":{""country_code"":""CO""}},""links"":[{""href"":""https://api.sandbox.paypal.com/v2/checkout/orders/95Y08798B57694810"",""rel"":""self"",""method"":""GET""}]}"
ORD-000103,2025-10-06T16:06:53.963Z,PayPal,4CT07816WX739493N,3MV70852CS008170F,8.4,1557,John Doe,sb-ofwur45121236@personal.example.com,,Classic Orb Vivienne Westwood‚ü° ›Å‚Çä .,1,store,,completed,USD,2025-10-06T16:06:53.970Z,"{""id"":""4CT07816WX739493N"",""status"":""COMPLETED"",""payment_source"":{""paypal"":{""email_address"":""sb-ofwur45121236@personal.example.com"",""account_id"":""57BQL4QJMD4EU"",""account_status"":""VERIFIED"",""name"":{""given_name"":""John"",""surname"":""Doe""},""address"":{""country_code"":""CO""}}},""purchase_units"":[{""reference_id"":""default"",""shipping"":{""name"":{""full_name"":""John Doe""},""address"":{""address_line_1"":""Free Trade Zone"",""admin_area_2"":""Bogota"",""admin_area_1"":""Bogota"",""postal_code"":""110111"",""country_code"":""CO""}},""payments"":{""captures"":[{""id"":""3MV70852CS008170F"",""status"":""COMPLETED"",""amount"":{""currency_code"":""USD"",""value"":""8.40""},""final_capture"":true,""seller_protection"":{""status"":""ELIGIBLE"",""dispute_categories"":[""ITEM_NOT_RECEIVED"",""UNAUTHORIZED_TRANSACTION""]},""seller_receivable_breakdown"":{""gross_amount"":{""currency_code"":""USD"",""value"":""8.40""},""paypal_fee"":{""currency_code"":""USD"",""value"":""0.75""},""net_amount"":{""currency_code"":""USD"",""value"":""7.65""}},""links"":[{""href"":""https://api.sandbox.paypal.com/v2/payments/captures/3MV70852CS008170F"",""rel"":""self"",""method"":""GET""},{""href"":""https://api.sandbox.paypal.com/v2/payments/captures/3MV70852CS008170F/refund"",""rel"":""refund"",""method"":""POST""},{""href"":""https://api.sandbox.paypal.com/v2/checkout/orders/4CT07816WX739493N"",""rel"":""up"",""method"":""GET""}],""create_time"":""2025-10-06T16:06:51Z"",""update_time"":""2025-10-06T16:06:51Z""}]}}],""payer"":{""name"":{""given_name"":""John"",""surname"":""Doe""},""email_address"":""sb-ofwur45121236@personal.example.com"",""payer_id"":""57BQL4QJMD4EU"",""address"":{""country_code"":""CO""}},""links"":[{""href"":""https://api.sandbox.paypal.com/v2/checkout/orders/4CT07816WX739493N"",""rel"":""self"",""method"":""GET""}]}"
ORD-000104,2025-10-06T16:08:20.482Z,PayPal,3SX288994B826214X,3E754941K0943253G,35,6489,John Doe,sb-ofwur45121236@personal.example.com,,L√°mpara de Espada Minecraft,1,store,,completed,USD,2025-10-06T16:08:20.484Z,"{""id"":""3SX288994B826214X"",""status"":""COMPLETED"",""payment_source"":{""paypal"":{""email_address"":""sb-ofwur45121236@personal.example.com"",""account_id"":""57BQL4QJMD4EU"",""account_status"":""VERIFIED"",""name"":{""given_name"":""John"",""surname"":""Doe""},""address"":{""country_code"":""CO""}}},""purchase_units"":[{""reference_id"":""default"",""shipping"":{""name"":{""full_name"":""John Doe""},""address"":{""address_line_1"":""Free Trade Zone"",""admin_area_2"":""Bogota"",""admin_area_1"":""Bogota"",""postal_code"":""110111"",""country_code"":""CO""}},""payments"":{""captures"":[{""id"":""3E754941K0943253G"",""status"":""COMPLETED"",""amount"":{""currency_code"":""USD"",""value"":""35.00""},""final_capture"":true,""seller_protection"":{""status"":""ELIGIBLE"",""dispute_categories"":[""ITEM_NOT_RECEIVED"",""UNAUTHORIZED_TRANSACTION""]},""seller_receivable_breakdown"":{""gross_amount"":{""currency_code"":""USD"",""value"":""35.00""},""paypal_fee"":{""currency_code"":""USD"",""value"":""2.19""},""net_amount"":{""currency_code"":""USD"",""value"":""32.81""}},""links"":[{""href"":""https://api.sandbox.paypal.com/v2/payments/captures/3E754941K0943253G"",""rel"":""self"",""method"":""GET""},{""href"":""https://api.sandbox.paypal.com/v2/payments/captures/3E754941K0943253G/refund"",""rel"":""refund"",""method"":""POST""},{""href"":""https://api.sandbox.paypal.com/v2/checkout/orders/3SX288994B826214X"",""rel"":""up"",""method"":""GET""}],""create_time"":""2025-10-06T16:08:18Z"",""update_time"":""2025-10-06T16:08:18Z""}]}}],""payer"":{""name"":{""given_name"":""John"",""surname"":""Doe""},""email_address"":""sb-ofwur45121236@personal.example.com"",""payer_id"":""57BQL4QJMD4EU"",""address"":{""country_code"":""CO""}},""links"":[{""href"":""https://api.sandbox.paypal.com/v2/checkout/orders/3SX288994B826214X"",""rel"":""self"",""method"":""GET""}]}"
ORD-000105,2025-10-06T16:08:51.139Z,PayPal,8FR15193CF491113P,4DV15954SV5517811,9,1669,John Doe,sb-ofwur45121236@personal.example.com,,Pearl Choker Vivienne Westwood €∂‡ßé,1,store,,completed,USD,2025-10-06T16:08:51.141Z,"{""id"":""8FR15193CF491113P"",""status"":""COMPLETED"",""payment_source"":{""paypal"":{""email_address"":""sb-ofwur45121236@personal.example.com"",""account_id"":""57BQL4QJMD4EU"",""account_status"":""VERIFIED"",""name"":{""given_name"":""John"",""surname"":""Doe""},""address"":{""country_code"":""CO""}}},""purchase_units"":[{""reference_id"":""default"",""shipping"":{""name"":{""full_name"":""John Doe""},""address"":{""address_line_1"":""Free Trade Zone"",""admin_area_2"":""Bogota"",""admin_area_1"":""Bogota"",""postal_code"":""110111"",""country_code"":""CO""}},""payments"":{""captures"":[{""id"":""4DV15954SV5517811"",""status"":""COMPLETED"",""amount"":{""currency_code"":""USD"",""value"":""9.00""},""final_capture"":true,""seller_protection"":{""status"":""ELIGIBLE"",""dispute_categories"":[""ITEM_NOT_RECEIVED"",""UNAUTHORIZED_TRANSACTION""]},""seller_receivable_breakdown"":{""gross_amount"":{""currency_code"":""USD"",""value"":""9.00""},""paypal_fee"":{""currency_code"":""USD"",""value"":""0.79""},""net_amount"":{""currency_code"":""USD"",""value"":""8.21""}},""links"":[{""href"":""https://api.sandbox.paypal.com/v2/payments/captures/4DV15954SV5517811"",""rel"":""self"",""method"":""GET""},{""href"":""https://api.sandbox.paypal.com/v2/payments/captures/4DV15954SV5517811/refund"",""rel"":""refund"",""method"":""POST""},{""href"":""https://api.sandbox.paypal.com/v2/checkout/orders/8FR15193CF491113P"",""rel"":""up"",""method"":""GET""}],""create_time"":""2025-10-06T16:08:48Z"",""update_time"":""2025-10-06T16:08:48Z""}]}}],""payer"":{""name"":{""given_name"":""John"",""surname"":""Doe""},""email_address"":""sb-ofwur45121236@personal.example.com"",""payer_id"":""57BQL4QJMD4EU"",""address"":{""country_code"":""CO""}},""links"":[{""href"":""https://api.sandbox.paypal.com/v2/checkout/orders/8FR15193CF491113P"",""rel"":""self"",""method"":""GET""}]}"
ORD-000108,2025-10-06T16:13:36.036Z,PayPal,6V258383H72898810,1HL06148UD885033B,20,3708,John Doe,sb-ofwur45121236@personal.example.com,,Peluche de Hachiware,1,store,,completed,USD,2025-10-06T16:13:36.036Z,"{""id"":""6V258383H72898810"",""status"":""COMPLETED"",""payment_source"":{""paypal"":{""email_address"":""sb-ofwur45121236@personal.example.com"",""account_id"":""57BQL4QJMD4EU"",""account_status"":""VERIFIED"",""name"":{""given_name"":""John"",""surname"":""Doe""},""address"":{""country_code"":""CO""}}},""purchase_units"":[{""reference_id"":""default"",""shipping"":{""name"":{""full_name"":""John Doe""},""address"":{""address_line_1"":""Free Trade Zone"",""admin_area_2"":""Bogota"",""admin_area_1"":""Bogota"",""postal_code"":""110111"",""country_code"":""CO""}},""payments"":{""captures"":[{""id"":""1HL06148UD885033B"",""status"":""COMPLETED"",""amount"":{""currency_code"":""USD"",""value"":""20.00""},""final_capture"":true,""seller_protection"":{""status"":""ELIGIBLE"",""dispute_categories"":[""ITEM_NOT_RECEIVED"",""UNAUTHORIZED_TRANSACTION""]},""seller_receivable_breakdown"":{""gross_amount"":{""currency_code"":""USD"",""value"":""20.00""},""paypal_fee"":{""currency_code"":""USD"",""value"":""1.38""},""net_amount"":{""currency_code"":""USD"",""value"":""18.62""}},""links"":[{""href"":""https://api.sandbox.paypal.com/v2/payments/captures/1HL06148UD885033B"",""rel"":""self"",""method"":""GET""},{""href"":""https://api.sandbox.paypal.com/v2/payments/captures/1HL06148UD885033B/refund"",""rel"":""refund"",""method"":""POST""},{""href"":""https://api.sandbox.paypal.com/v2/checkout/orders/6V258383H72898810"",""rel"":""up"",""method"":""GET""}],""create_time"":""2025-10-06T16:13:33Z"",""update_time"":""2025-10-06T16:13:33Z""}]}}],""payer"":{""name"":{""given_name"":""John"",""surname"":""Doe""},""email_address"":""sb-ofwur45121236@personal.example.com"",""payer_id"":""57BQL4QJMD4EU"",""address"":{""country_code"":""CO""}},""links"":[{""href"":""https://api.sandbox.paypal.com/v2/checkout/orders/6V258383H72898810"",""rel"":""self"",""method"":""GET""}]}"
ORD-000109,2025-10-06T16:20:52.345Z,PayPal,1BH28738EL435844Y,49F23190LE952903E,8,1483,John Doe,sb-ofwur45121236@personal.example.com,,Armour Ring Vivienne Westwood,1,store,,completed,USD,2025-10-06T16:20:52.347Z,"{""id"":""1BH28738EL435844Y"",""status"":""COMPLETED"",""payment_source"":{""paypal"":{""email_address"":""sb-ofwur45121236@personal.example.com"",""account_id"":""57BQL4QJMD4EU"",""account_status"":""VERIFIED"",""name"":{""given_name"":""John"",""surname"":""Doe""},""address"":{""country_code"":""CO""}}},""purchase_units"":[{""reference_id"":""default"",""shipping"":{""name"":{""full_name"":""John Doe""},""address"":{""address_line_1"":""Free Trade Zone"",""admin_area_2"":""Bogota"",""admin_area_1"":""Bogota"",""postal_code"":""110111"",""country_code"":""CO""}},""payments"":{""captures"":[{""id"":""49F23190LE952903E"",""status"":""COMPLETED"",""amount"":{""currency_code"":""USD"",""value"":""8.00""},""final_capture"":true,""seller_protection"":{""status"":""ELIGIBLE"",""dispute_categories"":[""ITEM_NOT_RECEIVED"",""UNAUTHORIZED_TRANSACTION""]},""seller_receivable_breakdown"":{""gross_amount"":{""currency_code"":""USD"",""value"":""8.00""},""paypal_fee"":{""currency_code"":""USD"",""value"":""0.73""},""net_amount"":{""currency_code"":""USD"",""value"":""7.27""}},""links"":[{""href"":""https://api.sandbox.paypal.com/v2/payments/captures/49F23190LE952903E"",""rel"":""self"",""method"":""GET""},{""href"":""https://api.sandbox.paypal.com/v2/payments/captures/49F23190LE952903E/refund"",""rel"":""refund"",""method"":""POST""},{""href"":""https://api.sandbox.paypal.com/v2/checkout/orders/1BH28738EL435844Y"",""rel"":""up"",""method"":""GET""}],""create_time"":""2025-10-06T16:20:49Z"",""update_time"":""2025-10-06T16:20:49Z""}]}}],""payer"":{""name"":{""given_name"":""John"",""surname"":""Doe""},""email_address"":""sb-ofwur45121236@personal.example.com"",""payer_id"":""57BQL4QJMD4EU"",""address"":{""country_code"":""CO""}},""links"":[{""href"":""https://api.sandbox.paypal.com/v2/checkout/orders/1BH28738EL435844Y"",""rel"":""self"",""method"":""GET""}]}"
ORD-000110,2025-10-06T16:24:55.574Z,PayPal,8PX445715L855574T,5DE13112LW233324P,17,3152,John Doe,sb-ofwur45121236@personal.example.com,,Mazo de Tarot Jojo‚Äôs Bizarre Adventure,1,store,,completed,USD,2025-10-06T16:24:55.592Z,"{""id"":""8PX445715L855574T"",""status"":""COMPLETED"",""payment_source"":{""paypal"":{""email_address"":""sb-ofwur45121236@personal.example.com"",""account_id"":""57BQL4QJMD4EU"",""account_status"":""VERIFIED"",""name"":{""given_name"":""John"",""surname"":""Doe""},""address"":{""country_code"":""CO""}}},""purchase_units"":[{""reference_id"":""default"",""shipping"":{""name"":{""full_name"":""John Doe""},""address"":{""address_line_1"":""Free Trade Zone"",""admin_area_2"":""Bogota"",""admin_area_1"":""Bogota"",""postal_code"":""110111"",""country_code"":""CO""}},""payments"":{""captures"":[{""id"":""5DE13112LW233324P"",""status"":""COMPLETED"",""amount"":{""currency_code"":""USD"",""value"":""17.00""},""final_capture"":true,""seller_protection"":{""status"":""ELIGIBLE"",""dispute_categories"":[""ITEM_NOT_RECEIVED"",""UNAUTHORIZED_TRANSACTION""]},""seller_receivable_breakdown"":{""gross_amount"":{""currency_code"":""USD"",""value"":""17.00""},""paypal_fee"":{""currency_code"":""USD"",""value"":""1.22""},""net_amount"":{""currency_code"":""USD"",""value"":""15.78""}},""links"":[{""href"":""https://api.sandbox.paypal.com/v2/payments/captures/5DE13112LW233324P"",""rel"":""self"",""method"":""GET""},{""href"":""https://api.sandbox.paypal.com/v2/payments/captures/5DE13112LW233324P/refund"",""rel"":""refund"",""method"":""POST""},{""href"":""https://api.sandbox.paypal.com/v2/checkout/orders/8PX445715L855574T"",""rel"":""up"",""method"":""GET""}],""create_time"":""2025-10-06T16:24:50Z"",""update_time"":""2025-10-06T16:24:50Z""}]}}],""payer"":{""name"":{""given_name"":""John"",""surname"":""Doe""},""email_address"":""sb-ofwur45121236@personal.example.com"",""payer_id"":""57BQL4QJMD4EU"",""address"":{""country_code"":""CO""}},""links"":[{""href"":""https://api.sandbox.paypal.com/v2/checkout/orders/8PX445715L855574T"",""rel"":""self"",""method"":""GET""}]}"
ORD-000111,2025-10-06T16:29:20.132Z,PayPal,1PW804245F476154S,4HM44237S1255071E,6.5,1205,John Doe,sb-ofwur45121236@personal.example.com,,Collar de One Pieceüè¥‚Äç‚ò†,1,store,,completed,USD,2025-10-06T16:29:20.134Z,"{""id"":""1PW804245F476154S"",""status"":""COMPLETED"",""payment_source"":{""paypal"":{""email_address"":""sb-ofwur45121236@personal.example.com"",""account_id"":""57BQL4QJMD4EU"",""account_status"":""VERIFIED"",""name"":{""given_name"":""John"",""surname"":""Doe""},""address"":{""country_code"":""CO""}}},""purchase_units"":[{""reference_id"":""default"",""shipping"":{""name"":{""full_name"":""John Doe""},""address"":{""address_line_1"":""Free Trade Zone"",""admin_area_2"":""Bogota"",""admin_area_1"":""Bogota"",""postal_code"":""110111"",""country_code"":""CO""}},""payments"":{""captures"":[{""id"":""4HM44237S1255071E"",""status"":""COMPLETED"",""amount"":{""currency_code"":""USD"",""value"":""6.50""},""final_capture"":true,""seller_protection"":{""status"":""ELIGIBLE"",""dispute_categories"":[""ITEM_NOT_RECEIVED"",""UNAUTHORIZED_TRANSACTION""]},""seller_receivable_breakdown"":{""gross_amount"":{""currency_code"":""USD"",""value"":""6.50""},""paypal_fee"":{""currency_code"":""USD"",""value"":""0.65""},""net_amount"":{""currency_code"":""USD"",""value"":""5.85""}},""links"":[{""href"":""https://api.sandbox.paypal.com/v2/payments/captures/4HM44237S1255071E"",""rel"":""self"",""method"":""GET""},{""href"":""https://api.sandbox.paypal.com/v2/payments/captures/4HM44237S1255071E/refund"",""rel"":""refund"",""method"":""POST""},{""href"":""https://api.sandbox.paypal.com/v2/checkout/orders/1PW804245F476154S"",""rel"":""up"",""method"":""GET""}],""create_time"":""2025-10-06T16:29:18Z"",""update_time"":""2025-10-06T16:29:18Z""}]}}],""payer"":{""name"":{""given_name"":""John"",""surname"":""Doe""},""email_address"":""sb-ofwur45121236@personal.example.com"",""payer_id"":""57BQL4QJMD4EU"",""address"":{""country_code"":""CO""}},""links"":[{""href"":""https://api.sandbox.paypal.com/v2/checkout/orders/1PW804245F476154S"",""rel"":""self"",""method"":""GET""}]}"
ORD-000112,2025-10-06T16:33:45.146Z,PayPal,3MU21404YF0238030,3WC44694724932022,13,2410,John Doe,sb-ofwur45121236@personal.example.com,,Beanie BMO (Hora de Aventura) ‚öîÔ∏è,1,store,,completed,USD,2025-10-06T16:33:45.147Z,"{""id"":""3MU21404YF0238030"",""status"":""COMPLETED"",""payment_source"":{""paypal"":{""email_address"":""sb-ofwur45121236@personal.example.com"",""account_id"":""57BQL4QJMD4EU"",""account_status"":""VERIFIED"",""name"":{""given_name"":""John"",""surname"":""Doe""},""address"":{""country_code"":""CO""}}},""purchase_units"":[{""reference_id"":""default"",""shipping"":{""name"":{""full_name"":""John Doe""},""address"":{""address_line_1"":""Free Trade Zone"",""admin_area_2"":""Bogota"",""admin_area_1"":""Bogota"",""postal_code"":""110111"",""country_code"":""CO""}},""payments"":{""captures"":[{""id"":""3WC44694724932022"",""status"":""COMPLETED"",""amount"":{""currency_code"":""USD"",""value"":""13.00""},""final_capture"":true,""seller_protection"":{""status"":""ELIGIBLE"",""dispute_categories"":[""ITEM_NOT_RECEIVED"",""UNAUTHORIZED_TRANSACTION""]},""seller_receivable_breakdown"":{""gross_amount"":{""currency_code"":""USD"",""value"":""13.00""},""paypal_fee"":{""currency_code"":""USD"",""value"":""1.00""},""net_amount"":{""currency_code"":""USD"",""value"":""12.00""}},""links"":[{""href"":""https://api.sandbox.paypal.com/v2/payments/captures/3WC44694724932022"",""rel"":""self"",""method"":""GET""},{""href"":""https://api.sandbox.paypal.com/v2/payments/captures/3WC44694724932022/refund"",""rel"":""refund"",""method"":""POST""},{""href"":""https://api.sandbox.paypal.com/v2/checkout/orders/3MU21404YF0238030"",""rel"":""up"",""method"":""GET""}],""create_time"":""2025-10-06T16:33:42Z"",""update_time"":""2025-10-06T16:33:42Z""}]}}],""payer"":{""name"":{""given_name"":""John"",""surname"":""Doe""},""email_address"":""sb-ofwur45121236@personal.example.com"",""payer_id"":""57BQL4QJMD4EU"",""address"":{""country_code"":""CO""}},""links"":[{""href"":""https://api.sandbox.paypal.com/v2/checkout/orders/3MU21404YF0238030"",""rel"":""self"",""method"":""GET""}]}"
ORD-000113,2025-10-06T16:38:46.578Z,PayPal,6TW44639U92552032,04B16758PF4625918,6.5,1205,John Doe,sb-ofwur45121236@personal.example.com,,Collar de Powder y Ekko - Arcane üîπ,1,store,,completed,USD,2025-10-06T16:38:46.579Z,"{""id"":""6TW44639U92552032"",""status"":""COMPLETED"",""payment_source"":{""paypal"":{""email_address"":""sb-ofwur45121236@personal.example.com"",""account_id"":""57BQL4QJMD4EU"",""account_status"":""VERIFIED"",""name"":{""given_name"":""John"",""surname"":""Doe""},""address"":{""country_code"":""CO""}}},""purchase_units"":[{""reference_id"":""default"",""shipping"":{""name"":{""full_name"":""John Doe""},""address"":{""address_line_1"":""Free Trade Zone"",""admin_area_2"":""Bogota"",""admin_area_1"":""Bogota"",""postal_code"":""110111"",""country_code"":""CO""}},""payments"":{""captures"":[{""id"":""04B16758PF4625918"",""status"":""COMPLETED"",""amount"":{""currency_code"":""USD"",""value"":""6.50""},""final_capture"":true,""seller_protection"":{""status"":""ELIGIBLE"",""dispute_categories"":[""ITEM_NOT_RECEIVED"",""UNAUTHORIZED_TRANSACTION""]},""seller_receivable_breakdown"":{""gross_amount"":{""currency_code"":""USD"",""value"":""6.50""},""paypal_fee"":{""currency_code"":""USD"",""value"":""0.65""},""net_amount"":{""currency_code"":""USD"",""value"":""5.85""}},""links"":[{""href"":""https://api.sandbox.paypal.com/v2/payments/captures/04B16758PF4625918"",""rel"":""self"",""method"":""GET""},{""href"":""https://api.sandbox.paypal.com/v2/payments/captures/04B16758PF4625918/refund"",""rel"":""refund"",""method"":""POST""},{""href"":""https://api.sandbox.paypal.com/v2/checkout/orders/6TW44639U92552032"",""rel"":""up"",""method"":""GET""}],""create_time"":""2025-10-06T16:38:44Z"",""update_time"":""2025-10-06T16:38:44Z""}]}}],""payer"":{""name"":{""given_name"":""John"",""surname"":""Doe""},""email_address"":""sb-ofwur45121236@personal.example.com"",""payer_id"":""57BQL4QJMD4EU"",""address"":{""country_code"":""CO""}},""links"":[{""href"":""https://api.sandbox.paypal.com/v2/checkout/orders/6TW44639U92552032"",""rel"":""self"",""method"":""GET""}]}"
ORD-000114,2025-10-06T16:39:32.842Z,PayPal,4ER46070MG198861S,66B28221AK068012F,15,2781,John Doe,sb-ofwur45121236@personal.example.com,,Death Note + Collar ,1,delivery,,completed,USD,2025-10-06T16:39:32.844Z,"{""id"":""4ER46070MG198861S"",""status"":""COMPLETED"",""payment_source"":{""paypal"":{""email_address"":""sb-ofwur45121236@personal.example.com"",""account_id"":""57BQL4QJMD4EU"",""account_status"":""VERIFIED"",""name"":{""given_name"":""John"",""surname"":""Doe""},""address"":{""country_code"":""CO""}}},""purchase_units"":[{""reference_id"":""default"",""shipping"":{""name"":{""full_name"":""John Doe""},""address"":{""address_line_1"":""Free Trade Zone"",""admin_area_2"":""Bogota"",""admin_area_1"":""Bogota"",""postal_code"":""110111"",""country_code"":""CO""}},""payments"":{""captures"":[{""id"":""66B28221AK068012F"",""status"":""COMPLETED"",""amount"":{""currency_code"":""USD"",""value"":""15.00""},""final_capture"":true,""seller_protection"":{""status"":""ELIGIBLE"",""dispute_categories"":[""ITEM_NOT_RECEIVED"",""UNAUTHORIZED_TRANSACTION""]},""seller_receivable_breakdown"":{""gross_amount"":{""currency_code"":""USD"",""value"":""15.00""},""paypal_fee"":{""currency_code"":""USD"",""value"":""1.11""},""net_amount"":{""currency_code"":""USD"",""value"":""13.89""}},""links"":[{""href"":""https://api.sandbox.paypal.com/v2/payments/captures/66B28221AK068012F"",""rel"":""self"",""method"":""GET""},{""href"":""https://api.sandbox.paypal.com/v2/payments/captures/66B28221AK068012F/refund"",""rel"":""refund"",""method"":""POST""},{""href"":""https://api.sandbox.paypal.com/v2/checkout/orders/4ER46070MG198861S"",""rel"":""up"",""method"":""GET""}],""create_time"":""2025-10-06T16:39:29Z"",""update_time"":""2025-10-06T16:39:29Z""}]}}],""payer"":{""name"":{""given_name"":""John"",""surname"":""Doe""},""email_address"":""sb-ofwur45121236@personal.example.com"",""payer_id"":""57BQL4QJMD4EU"",""address"":{""country_code"":""CO""}},""links"":[{""href"":""https://api.sandbox.paypal.com/v2/checkout/orders/4ER46070MG198861S"",""rel"":""self"",""method"":""GET""}]}"
ORD-000117,2025-10-06T16:57:19.399Z,PayPal,1H563666BD430700R,0N465784KP700245J,163,30223,John Doe,sb-ofwur45121236@personal.example.com,,"Vivienne Westwood Three Row Pearl Necklace, Vivienne Westwood Bat Orb‚Äéñ§ê, Pearl Choker Vivienne Westwood €∂‡ßé, Vivienne Westwood Pearl Drop Necklace, Vivienne Westwood Ariella Necklace ‚ãÜ‡±®‡ßéÀö‚ü°Àñ ‡£™","2, 3, 3, 3, 2",delivery,,completed,USD,2025-10-06T16:57:19.400Z,"{""id"":""1H563666BD430700R"",""status"":""COMPLETED"",""payment_source"":{""paypal"":{""email_address"":""sb-ofwur45121236@personal.example.com"",""account_id"":""57BQL4QJMD4EU"",""account_status"":""VERIFIED"",""name"":{""given_name"":""John"",""surname"":""Doe""},""address"":{""country_code"":""CO""}}},""purchase_units"":[{""reference_id"":""default"",""shipping"":{""name"":{""full_name"":""John Doe""},""address"":{""address_line_1"":""Free Trade Zone"",""admin_area_2"":""Bogota"",""admin_area_1"":""Bogota"",""postal_code"":""110111"",""country_code"":""CO""}},""payments"":{""captures"":[{""id"":""0N465784KP700245J"",""status"":""COMPLETED"",""amount"":{""currency_code"":""USD"",""value"":""163.00""},""final_capture"":true,""seller_protection"":{""status"":""ELIGIBLE"",""dispute_categories"":[""ITEM_NOT_RECEIVED"",""UNAUTHORIZED_TRANSACTION""]},""seller_receivable_breakdown"":{""gross_amount"":{""currency_code"":""USD"",""value"":""163.00""},""paypal_fee"":{""currency_code"":""USD"",""value"":""9.10""},""net_amount"":{""currency_code"":""USD"",""value"":""153.90""}},""links"":[{""href"":""https://api.sandbox.paypal.com/v2/payments/captures/0N465784KP700245J"",""rel"":""self"",""method"":""GET""},{""href"":""https://api.sandbox.paypal.com/v2/payments/captures/0N465784KP700245J/refund"",""rel"":""refund"",""method"":""POST""},{""href"":""https://api.sandbox.paypal.com/v2/checkout/orders/1H563666BD430700R"",""rel"":""up"",""method"":""GET""}],""create_time"":""2025-10-06T16:57:17Z"",""update_time"":""2025-10-06T16:57:17Z""}]}}],""payer"":{""name"":{""given_name"":""John"",""surname"":""Doe""},""email_address"":""sb-ofwur45121236@personal.example.com"",""payer_id"":""57BQL4QJMD4EU"",""address"":{""country_code"":""CO""}},""links"":[{""href"":""https://api.sandbox.paypal.com/v2/checkout/orders/1H563666BD430700R"",""rel"":""self"",""method"":""GET""}]}"
ORD-000118,2025-10-06T17:05:23.620Z,PayPal,2WP00822Y0980881M,31M56920B2329562C,17,3152,John Doe,sb-ofwur45121236@personal.example.com,,Collares Match de Ren y Nana üîí,1,delivery,,completed,USD,2025-10-06T17:05:23.623Z,"{""id"":""2WP00822Y0980881M"",""status"":""COMPLETED"",""payment_source"":{""paypal"":{""email_address"":""sb-ofwur45121236@personal.example.com"",""account_id"":""57BQL4QJMD4EU"",""account_status"":""VERIFIED"",""name"":{""given_name"":""John"",""surname"":""Doe""},""address"":{""country_code"":""CO""}}},""purchase_units"":[{""reference_id"":""default"",""shipping"":{""name"":{""full_name"":""John Doe""},""address"":{""address_line_1"":""Free Trade Zone"",""admin_area_2"":""Bogota"",""admin_area_1"":""Bogota"",""postal_code"":""110111"",""country_code"":""CO""}},""payments"":{""captures"":[{""id"":""31M56920B2329562C"",""status"":""COMPLETED"",""amount"":{""currency_code"":""USD"",""value"":""17.00""},""final_capture"":true,""seller_protection"":{""status"":""ELIGIBLE"",""dispute_categories"":[""ITEM_NOT_RECEIVED"",""UNAUTHORIZED_TRANSACTION""]},""seller_receivable_breakdown"":{""gross_amount"":{""currency_code"":""USD"",""value"":""17.00""},""paypal_fee"":{""currency_code"":""USD"",""value"":""1.22""},""net_amount"":{""currency_code"":""USD"",""value"":""15.78""}},""links"":[{""href"":""https://api.sandbox.paypal.com/v2/payments/captures/31M56920B2329562C"",""rel"":""self"",""method"":""GET""},{""href"":""https://api.sandbox.paypal.com/v2/payments/captures/31M56920B2329562C/refund"",""rel"":""refund"",""method"":""POST""},{""href"":""https://api.sandbox.paypal.com/v2/checkout/orders/2WP00822Y0980881M"",""rel"":""up"",""method"":""GET""}],""create_time"":""2025-10-06T17:05:16Z"",""update_time"":""2025-10-06T17:05:16Z""}]}}],""payer"":{""name"":{""given_name"":""John"",""surname"":""Doe""},""email_address"":""sb-ofwur45121236@personal.example.com"",""payer_id"":""57BQL4QJMD4EU"",""address"":{""country_code"":""CO""}},""links"":[{""href"":""https://api.sandbox.paypal.com/v2/checkout/orders/2WP00822Y0980881M"",""rel"":""self"",""method"":""GET""}]}"
ORD-000164?idNumber=46015623,2025-10-13T10:38:14.899Z,PayPal,,,59,10939,,,,"Pearl Choker Vivienne Westwood €∂‡ßé, Armour Ring Vivienne Westwood","3, 4",store,,completed,USD,2025-10-13T10:38:14.902Z,{}
ORD-000165,2025-10-13T10:41:34.412Z,PayPal,,,36,6675,,,,Correa de Doble Ojal,3,delivery,,completed,USD,2025-10-13T10:41:34.413Z,{}
ORD-000166,2025-10-13T10:52:59.561Z,PayPal,,,108,20022,Cano,canoyesser@gmail.com,4022151687,"Armour Ring Vivienne Westwood, Collar Pink Orb Vivienne Westwood","6, 3",delivery,1306000 - Valle Lindo,completed,USD,2025-10-13T10:52:59.565Z,{}
ORD-000167,2025-10-13T11:02:34.120Z,PayPal,,,72,13347,Cano (C√©dula: 28256608),canoyesser@gmail.com,4022151687,Armour Ring Vivienne Westwood,9,delivery,0200000 - Puerto Ayacucho,completed,USD,2025-10-13T11:02:34.122Z,{}
ORD-000168,2025-10-13T11:04:54.902Z,PayPal,,,45.5,8435,Cano (C√©dula: 28256608),canoyesser@gmail.com,4022151687,Collar de Powder y Ekko - Arcane üîπ,7,delivery,Calle 67 sur #46-16,completed,USD,2025-10-13T11:04:54.905Z,{}
ORD-000169,2025-10-13T11:07:14.239Z,PayPal,,,71,13164,Cano (C√©dula: 28256608),canoyesser@gmail.com,4022151687,"Zarcillos Pearl Drop Vivienne Westwood, Vivienne Westwood Heart Earrings ‚úßÀñ¬∞","2, 6",delivery,1308000 - Babilom,completed,USD,2025-10-13T11:07:14.239Z,{}
ORD-000170,2025-10-13T11:11:29.227Z,PayPal,,,56,10381,Cano (C√©dula: 28256608),canoyesser@gmail.com,4022151687,Armour Ring Vivienne Westwood,7,delivery,1308000 - Babilom,completed,USD,2025-10-13T11:11:29.228Z,{}
ORD-000171,2025-10-13T11:15:37.651Z,PayPal,,,81,15021,Cano (C√©dula: 28256608),canoyesser@gmail.com,4022151687,Pearl Choker Vivienne Westwood €∂‡ßé,9,delivery,Calle 67 sur #46-16,completed,USD,2025-10-13T11:15:37.652Z,{}
ORD-000172,2025-10-13T11:17:25.679Z,PayPal,,,39,7230,Cano (C√©dula: 28256608),canoyesser@gmail.com,4022151687,Collar Sakura Card Carptorüåô,6,delivery,0401000 - Guasdualito,completed,USD,2025-10-13T11:17:25.681Z,{}
ORD-000173,2025-10-13T11:37:11.224Z,PayPal,,,52,9640,Cano (C√©dula: 28256608),canoyesser@gmail.com,4022151687,Zarcillos Broken Heart üíî (Polnareff Jojo‚Äôs Bizarre Adventure),8,delivery,1506000 - Higuerote,completed,USD,2025-10-13T11:37:11.225Z,{}
ORD-000174,2025-10-13T11:58:33.564Z,Cashea,,,71.5,13255,Cano (C√©dula: 28256608),canoyesser@gmail.com,4022151687,Collar Sakura Card Carptorüåô,11,delivery,0512000 - La Encrucijada,completed,USD,2025-10-13T11:58:33.568Z,"{""error"":""Failed to fetch order"",""details"":""request to https://external.cashea.app/orders/ORD-000174?idNumber=46017033 failed, reason: unable to verify the first certificate""}"
ORD-000175,2025-10-13T12:03:26.191Z,Cashea,,,58.5,10845,Cano (C√©dula: 28256608),canoyesser@gmail.com,4022151687,Collar de Powder y Ekko - Arcane üîπ,9,delivery,Calle 67 sur #46-16,completed,USD,2025-10-13T12:03:26.193Z,"{""error"":""Failed to fetch order"",""details"":""request to https://external.cashea.app/orders/ORD-000175?idNumber=46017182 failed, reason: unable to verify the first certificate""}"
ORD-000176,2025-10-13T12:11:51.576Z,Cashea,,,65,12050,Cano (C√©dula: 28256608),canoyesser@gmail.com,4022151687,Beanie BMO (Hora de Aventura) ‚öîÔ∏è,5,delivery,1307000 - Barquisimeto Nueva Segovia,completed,USD,2025-10-13T12:11:51.578Z,"{""error"":""Failed to fetch order"",""details"":""request to https://external.cashea.app/orders/ORD-000176?idNumber=46017496 failed, reason: unable to verify the first certificate""}"
ORD-000178,2025-10-13T12:48:23.940Z,Tarjeta de Cr√©dito Mercantil,,222,32,5932,Cano (C√©dula: V5220945),canoyesser@gmail.com,,,,,,completed,USD,2025-10-13T12:48:23.943Z,"{""merchant_identify"":{""integratorId"":31,""merchantId"":200284,""terminalId"":""abcde""},""transaction_response"":{""processing_date"":""2025-10-13 08:48:22 VET"",""trx_status"":""approved"",""payment_reference"":""000000000000222"",""trx_internal_status"":""0000"",""trx_type"":""compra"",""payment_method"":""tdc"",""invoice_number"":""060608"",""amount"":5932,""currency"":""ves""}}"
ORD-000179,2025-10-13T12:52:04.498Z,Tarjeta de Cr√©dito Mercantil,,2074,45,8345,Cano (C√©dula: V5220945),canoyesser@gmail.com,,,,,,completed,USD,2025-10-13T12:52:04.501Z,"{""merchant_identify"":{""integratorId"":31,""merchantId"":200284,""terminalId"":""abcde""},""transaction_response"":{""processing_date"":""2025-10-13 08:52:00 VET"",""trx_status"":""approved"",""payment_reference"":""000000000002074"",""trx_internal_status"":""0000"",""trx_type"":""compra"",""payment_method"":""tdc"",""invoice_number"":""409652"",""amount"":8345,""currency"":""ves""}}"
ORD-000180,2025-10-13T12:54:55.511Z,Tarjeta de Cr√©dito Mercantil,,9412,39,7230,Cano (C√©dula: V5220945),canoyesser@gmail.com,,,,,,completed,USD,2025-10-13T12:54:55.513Z,"{""merchant_identify"":{""integratorId"":31,""merchantId"":200284,""terminalId"":""abcde""},""transaction_response"":{""processing_date"":""2025-10-13 08:54:54 VET"",""trx_status"":""approved"",""payment_reference"":""000000000009412"",""trx_internal_status"":""0000"",""trx_type"":""compra"",""payment_method"":""tdc"",""invoice_number"":""103787"",""amount"":7230,""currency"":""ves""}}"
ORD-000181,2025-10-13T12:57:50.011Z,Tarjeta de Cr√©dito Mercantil,,6791,26,4820,Cano (C√©dula: V8083734),canoyesser@gmail.com,,,,,,completed,USD,2025-10-13T12:57:50.011Z,"{""merchant_identify"":{""integratorId"":31,""merchantId"":200284,""terminalId"":""abcde""},""transaction_response"":{""processing_date"":""2025-10-13 08:57:47 VET"",""trx_status"":""approved"",""payment_reference"":""000000000006791"",""trx_internal_status"":""0000"",""trx_type"":""compra"",""payment_method"":""tdc"",""invoice_number"":""248704"",""amount"":4820,""currency"":""ves""}}"
ORD-000182,2025-10-13T12:59:39.376Z,Tarjeta de Cr√©dito Mercantil,,7780,22,4080,Cano (C√©dula: V8083734),canoyesser@gmail.com,,,,,,completed,USD,2025-10-13T12:59:39.376Z,"{""merchant_identify"":{""integratorId"":31,""merchantId"":200284,""terminalId"":""abcde""},""transaction_response"":{""processing_date"":""2025-10-13 08:59:37 VET"",""trx_status"":""approved"",""payment_reference"":""000000000007780"",""trx_internal_status"":""0000"",""trx_type"":""compra"",""payment_method"":""tdc"",""invoice_number"":""320270"",""amount"":4080,""currency"":""ves""}}"
ORD-000183,2025-10-13T13:01:24.656Z,Pago M√≥vil Mercantil,,,25.2,4671,Cano (C√©dula: V28256608),canoyesser@gmail.com,4126935529,,,,,completed,USD,2025-10-13T13:01:24.658Z,"{""processingDate"":""2025-10-13 09:01:22 VET"",""status"":{""errorCode"":"""",""descUser"":"""",""errorTech"":""9002"",""descTech"":""Json mal formateado""}}"
ORD-000185,2025-10-13T13:12:47.227Z,Pago M√≥vil Mercantil,,,33.6,6228,Cano (C√©dula: V28256608),canoyesser@gmail.com,4242123554,,,,,completed,USD,2025-10-13T13:12:47.236Z,"{""processingDate"":""2025-10-13 09:12:41 VET"",""status"":{""errorCode"":"""",""descUser"":"""",""errorTech"":""9002"",""descTech"":""Json mal formateado""}}"
ORD-000187,2025-10-13T13:19:24.647Z,Pago M√≥vil Mercantil,,3aaeec70-8719-45dd-be4a-0bcea15bbd6b,25.2,4671,Cano (C√©dula: V1234565),canoyesser@gmail.com,4241234565,,,,,completed,USD,2025-10-13T13:19:24.648Z,"{""processingDate"":""2025-10-13 09:19:23 VET"",""infoMsg"":{""guId"":""3aaeec70-8719-45dd-be4a-0bcea15bbd6b"",""channel"":""0006"",""subchannel"":""01"",""applId"":""001"",""personId"":""200290"",""userId"":"""",""token"":""abcd"",""action"":"""",""tokenS"":""""},""code"":99999}"
ORD-000188,2025-10-13T13:20:17.823Z,Pago M√≥vil Mercantil,,7495f4fa-54c8-4a64-8e44-d6b2136c2803,13,2410,Cano (C√©dula: V28256608),canoyesser@gmail.com,4241234565,,,,,completed,USD,2025-10-13T13:20:17.825Z,"{""processingDate"":""2025-10-13 09:20:16 VET"",""infoMsg"":{""guId"":""7495f4fa-54c8-4a64-8e44-d6b2136c2803"",""channel"":""0006"",""subchannel"":""01"",""applId"":""001"",""personId"":""200290"",""userId"":"""",""token"":""abcd"",""action"":"""",""tokenS"":""""},""code"":99999}"
ORD-000189,2025-10-13T13:29:53.595Z,Pago M√≥vil Mercantil,,a88191ee-108f-4929-8402-ea22d10f9629,36,6676,Cano (C√©dula: V282566082),canoyesser@gmail.com,4241231234,,,,,completed,USD,2025-10-13T13:29:53.599Z,"{""processingDate"":""2025-10-13 09:29:52 VET"",""infoMsg"":{""guId"":""a88191ee-108f-4929-8402-ea22d10f9629"",""channel"":""0006"",""subchannel"":""01"",""applId"":""001"",""personId"":""200290"",""userId"":"""",""token"":""abcd"",""action"":"""",""tokenS"":""""},""code"":99999}"
ORD-000191,2025-10-13T13:33:53.038Z,Tarjeta de Cr√©dito Mercantil,,3143,26,4820,Cano (C√©dula: V8083734),canoyesser@gmail.com,,,,,,completed,USD,2025-10-13T13:33:53.039Z,"{""merchant_identify"":{""integratorId"":31,""merchantId"":200284,""terminalId"":""abcde""},""transaction_response"":{""processing_date"":""2025-10-13 09:33:51 VET"",""trx_status"":""approved"",""payment_reference"":""000000000003143"",""trx_internal_status"":""0000"",""trx_type"":""compra"",""payment_method"":""tdc"",""invoice_number"":""280988"",""amount"":4820,""currency"":""ves""}}"
ORD-000192,2025-10-13T14:05:39.317Z,PayPal,11D27551EA928753K,0NH98057CJ820881U,68,12608,John Doe (C√©dula: 28256608),sb-ofwur45121236@personal.example.com,,Collares Match de Ren y Nana üîí,4,delivery,,completed,USD,2025-10-13T14:05:39.319Z,"{""id"":""11D27551EA928753K"",""status"":""COMPLETED"",""payment_source"":{""paypal"":{""email_address"":""sb-ofwur45121236@personal.example.com"",""account_id"":""57BQL4QJMD4EU"",""account_status"":""VERIFIED"",""name"":{""given_name"":""John"",""surname"":""Doe""},""address"":{""country_code"":""CO""}}},""purchase_units"":[{""reference_id"":""default"",""shipping"":{""name"":{""full_name"":""John Doe""},""address"":{""address_line_1"":""Free Trade Zone"",""admin_area_2"":""Bogota"",""admin_area_1"":""Bogota"",""postal_code"":""110111"",""country_code"":""CO""}},""payments"":{""captures"":[{""id"":""0NH98057CJ820881U"",""status"":""COMPLETED"",""amount"":{""currency_code"":""USD"",""value"":""68.00""},""final_capture"":true,""seller_protection"":{""status"":""ELIGIBLE"",""dispute_categories"":[""ITEM_NOT_RECEIVED"",""UNAUTHORIZED_TRANSACTION""]},""seller_receivable_breakdown"":{""gross_amount"":{""currency_code"":""USD"",""value"":""68.00""},""paypal_fee"":{""currency_code"":""USD"",""value"":""3.97""},""net_amount"":{""currency_code"":""USD"",""value"":""64.03""}},""links"":[{""href"":""https://api.sandbox.paypal.com/v2/payments/captures/0NH98057CJ820881U"",""rel"":""self"",""method"":""GET""},{""href"":""https://api.sandbox.paypal.com/v2/payments/captures/0NH98057CJ820881U/refund"",""rel"":""refund"",""method"":""POST""},{""href"":""https://api.sandbox.paypal.com/v2/checkout/orders/11D27551EA928753K"",""rel"":""up"",""method"":""GET""}],""create_time"":""2025-10-13T14:05:34Z"",""update_time"":""2025-10-13T14:05:34Z""}]}}],""payer"":{""name"":{""given_name"":""John"",""surname"":""Doe""},""email_address"":""sb-ofwur45121236@personal.example.com"",""payer_id"":""57BQL4QJMD4EU"",""address"":{""country_code"":""CO""}},""links"":[{""href"":""https://api.sandbox.paypal.com/v2/checkout/orders/11D27551EA928753K"",""rel"":""self"",""method"":""GET""}]}"
ORD-000202,2025-10-13T16:03:01.819Z,PayPal,2DM3490415601624V,2TK7211614209613K,27.5,5100,John Doe (C√©dula: 28256608),sb-ofwur45121236@personal.example.com,,"Star, Dripping Moon","3, 2",store,,completed,USD,2025-10-13T16:03:01.822Z,"{""id"":""2DM3490415601624V"",""status"":""COMPLETED"",""payment_source"":{""paypal"":{""email_address"":""sb-ofwur45121236@personal.example.com"",""account_id"":""57BQL4QJMD4EU"",""account_status"":""VERIFIED"",""name"":{""given_name"":""John"",""surname"":""Doe""},""address"":{""country_code"":""CO""}}},""purchase_units"":[{""reference_id"":""default"",""shipping"":{""name"":{""full_name"":""John Doe""},""address"":{""address_line_1"":""Free Trade Zone"",""admin_area_2"":""Bogota"",""admin_area_1"":""Bogota"",""postal_code"":""110111"",""country_code"":""CO""}},""payments"":{""captures"":[{""id"":""2TK7211614209613K"",""status"":""COMPLETED"",""amount"":{""currency_code"":""USD"",""value"":""27.50""},""final_capture"":true,""seller_protection"":{""status"":""ELIGIBLE"",""dispute_categories"":[""ITEM_NOT_RECEIVED"",""UNAUTHORIZED_TRANSACTION""]},""seller_receivable_breakdown"":{""gross_amount"":{""currency_code"":""USD"",""value"":""27.50""},""paypal_fee"":{""currency_code"":""USD"",""value"":""1.79""},""net_amount"":{""currency_code"":""USD"",""value"":""25.71""}},""links"":[{""href"":""https://api.sandbox.paypal.com/v2/payments/captures/2TK7211614209613K"",""rel"":""self"",""method"":""GET""},{""href"":""https://api.sandbox.paypal.com/v2/payments/captures/2TK7211614209613K/refund"",""rel"":""refund"",""method"":""POST""},{""href"":""https://api.sandbox.paypal.com/v2/checkout/orders/2DM3490415601624V"",""rel"":""up"",""method"":""GET""}],""create_time"":""2025-10-13T16:02:57Z"",""update_time"":""2025-10-13T16:02:57Z""}]}}],""payer"":{""name"":{""given_name"":""John"",""surname"":""Doe""},""email_address"":""sb-ofwur45121236@personal.example.com"",""payer_id"":""57BQL4QJMD4EU"",""address"":{""country_code"":""CO""}},""links"":[{""href"":""https://api.sandbox.paypal.com/v2/checkout/orders/2DM3490415601624V"",""rel"":""self"",""method"":""GET""}]}"
ORD-000204,2025-10-13T16:55:04.394Z,Cashea,,,58.8,10899,Cano (C√©dula: 28256608),canoyesser@gmail.com,4022151687,Classic Orb Vivienne Westwood‚ü° ›Å‚Çä .,7,store,,completed,USD,2025-10-13T16:55:04.395Z,"{""error"":""Failed to fetch order"",""details"":""request to https://external.cashea.app/orders/ORD-000204?idNumber=46057202 failed, reason: unable to verify the first certificate""}"
ORD-000015,2025-10-13T17:17:32.903Z,Tarjeta de Cr√©dito Mercantil,,5085,76,14091,Cano (C√©dula: V3177000),canoyesser@gmail.com,,,,,,completed,USD,2025-10-13T17:17:32.911Z,"{""merchant_identify"":{""integratorId"":31,""merchantId"":200284,""terminalId"":""abcde""},""transaction_response"":{""processing_date"":""2025-10-13 13:17:30 VET"",""trx_status"":""approved"",""payment_reference"":""000000000005085"",""trx_internal_status"":""0000"",""trx_type"":""compra"",""payment_method"":""tdc"",""invoice_number"":""781351"",""amount"":14091,""currency"":""ves""}}"
ORD-000005,2025-11-28T00:21:52.908Z,PayPal,5G524700AM9592117,29R20510W2984770G,36,6678,John Doe (C√©dula: 28256608),sb-ofwur45121236@personal.example.com,,Anillos de Mariposa ,9,store,,completed,USD,2025-11-28T00:21:52.910Z,"{""id"":""5G524700AM9592117"",""status"":""COMPLETED"",""payment_source"":{""paypal"":{""email_address"":""sb-ofwur45121236@personal.example.com"",""account_id"":""57BQL4QJMD4EU"",""account_status"":""VERIFIED"",""name"":{""given_name"":""John"",""surname"":""Doe""},""address"":{""country_code"":""CO""}}},""purchase_units"":[{""reference_id"":""default"",""shipping"":{""name"":{""full_name"":""John Doe""},""address"":{""address_line_1"":""Free Trade Zone"",""admin_area_2"":""Bogota"",""admin_area_1"":""Bogota"",""postal_code"":""110111"",""country_code"":""CO""}},""payments"":{""captures"":[{""id"":""29R20510W2984770G"",""status"":""COMPLETED"",""amount"":{""currency_code"":""USD"",""value"":""36.00""},""final_capture"":true,""seller_protection"":{""status"":""ELIGIBLE"",""dispute_categories"":[""ITEM_NOT_RECEIVED"",""UNAUTHORIZED_TRANSACTION""]},""seller_receivable_breakdown"":{""gross_amount"":{""currency_code"":""USD"",""value"":""36.00""},""paypal_fee"":{""currency_code"":""USD"",""value"":""2.24""},""net_amount"":{""currency_code"":""USD"",""value"":""33.76""}},""links"":[{""href"":""https://api.sandbox.paypal.com/v2/payments/captures/29R20510W2984770G"",""rel"":""self"",""method"":""GET""},{""href"":""https://api.sandbox.paypal.com/v2/payments/captures/29R20510W2984770G/refund"",""rel"":""refund"",""method"":""POST""},{""href"":""https://api.sandbox.paypal.com/v2/checkout/orders/5G524700AM9592117"",""rel"":""up"",""method"":""GET""}],""create_time"":""2025-11-28T00:21:51Z"",""update_time"":""2025-11-28T00:21:51Z""}]}}],""payer"":{""name"":{""given_name"":""John"",""surname"":""Doe""},""email_address"":""sb-ofwur45121236@personal.example.com"",""payer_id"":""57BQL4QJMD4EU"",""address"":{""country_code"":""CO""}},""links"":[{""href"":""https://api.sandbox.paypal.com/v2/checkout/orders/5G524700AM9592117"",""rel"":""self"",""method"":""GET""}]}"